{"loss": [1.3223730325698853, 0.41458460688591003], "accuracy": [0.610214114189148, 0.8676007986068726], "val_loss": [0.4522307217121124, 0.26976829767227173], "val_accuracy": [0.8581265807151794, 0.9146369099617004]}